candidate_id,finding_count,split_decision
VF-01-almheiri-r01-001,11,split
VF-01-almheiri-r01-002,1,single
VF-01-almheiri-r01-003,16,split
VF-01-almheiri-r01-004,3,split
VF-01-almheiri-r01-005,3,split
VF-01-almheiri-r01-006,7,split
VF-01-almheiri-r01-007,8,split
VF-01-almheiri-r01-008,12,split
VF-01-almheiri-r01-009,1,single
VF-01-almheiri-r01-010,3,split
VF-01-almheiri-r01-011,4,split
VF-01-almheiri-r02-001,19,split
VF-01-almheiri-r02-002,11,split
VF-01-almheiri-r02-003,9,split
VF-01-almheiri-r02-004,3,split
VF-01-almheiri-r02-005,4,split
VF-01-almheiri-r02-006,4,split
VF-01-almheiri-r02-007,8,split
VF-01-almheiri-r02-008,8,split
VF-01-almheiri-r02-009,12,split
VF-01-almheiri-r02-010,12,split
VF-01-almheiri-r02-011,10,split
VF-01-almheiri-r03-001,41,split
VF-01-almheiri-r03-002,1,single
VF-01-almheiri-r03-003,1,single
VF-01-almheiri-r03-004,7,split
VF-01-almheiri-r03-005,2,split
VF-01-almheiri-r03-006,6,split
VF-01-almheiri-r03-007,4,split
VF-01-almheiri-r03-008,1,single
VF-01-almheiri-r03-009,1,single
VF-01-almheiri-r03-010,1,single
VF-01-almheiri-r03-011,1,single
VF-01-almheiri-r03-012,4,split
VF-01-almheiri-r03-013,6,split
VF-01-almheiri-r03-014,1,single
VF-01-almheiri-r03-015,1,single
VF-01-almheiri-r03-016,1,single
VF-02-maloney-r01-001,7,split
VF-02-maloney-r01-002,13,split
VF-02-maloney-r01-003,1,single
VF-02-maloney-r01-004,10,split
VF-02-maloney-r01-005,8,split
VF-02-maloney-r01-006,1,single
VF-02-maloney-r01-007,5,split
VF-02-maloney-r01-008,8,split
VF-02-maloney-r01-009,9,split
VF-02-maloney-r01-010,25,split
VF-02-maloney-r01-011,12,split
VF-02-maloney-r01-012,24,split
VF-02-maloney-r01-013,20,split
VF-02-maloney-r02-001,4,split
VF-02-maloney-r02-002,12,split
VF-02-maloney-r02-003,1,single
VF-02-maloney-r02-004,1,single
VF-02-maloney-r02-005,1,single
VF-02-maloney-r02-006,9,split
VF-02-maloney-r02-007,5,split
VF-02-maloney-r02-008,7,split
VF-02-maloney-r02-009,5,split
VF-02-maloney-r02-010,3,split
VF-02-maloney-r02-011,6,split
VF-02-maloney-r02-012,16,split
VF-02-maloney-r02-013,7,split
VF-02-maloney-r02-014,13,split
VF-02-maloney-r02-015,2,split
VF-02-maloney-r02-016,23,split
VF-02-maloney-r02-017,8,split
VF-02-maloney-r02-018,14,split
VF-02-maloney-r02-019,6,split
VF-02-maloney-r02-020,5,split
VF-02-maloney-r02-021,41,split
VF-02-maloney-r02-022,1,single
VF-02-maloney-r02-023,4,split
VF-02-maloney-r02-024,3,split
VF-02-maloney-r02-025,12,split
VF-02-maloney-r02-026,1,single
VF-02-maloney-r03-001,20,split
VF-02-maloney-r03-002,3,split
VF-02-maloney-r03-003,4,split
VF-02-maloney-r03-004,13,split
VF-02-maloney-r03-005,18,split
VF-02-maloney-r03-006,19,split
VF-02-maloney-r03-007,7,split
VF-02-maloney-r03-008,1,single
VF-02-maloney-r03-009,11,split
VF-02-maloney-r03-010,10,split
VF-02-maloney-r03-011,13,split
VF-02-maloney-r03-012,3,split
VF-02-maloney-r03-013,23,split
VF-03-shahbazi-r01-001,22,split
VF-03-shahbazi-r01-002,1,single
VF-03-shahbazi-r01-003,1,single
VF-03-shahbazi-r01-004,1,single
VF-03-shahbazi-r01-005,1,single
VF-03-shahbazi-r01-006,1,single
VF-03-shahbazi-r01-007,1,single
VF-03-shahbazi-r01-008,1,single
VF-03-shahbazi-r01-009,1,single
VF-03-shahbazi-r01-010,1,single
VF-03-shahbazi-r01-011,1,single
VF-03-shahbazi-r01-012,1,single
VF-03-shahbazi-r01-013,1,single
VF-03-shahbazi-r01-014,1,single
VF-03-shahbazi-r01-015,1,single
VF-03-shahbazi-r01-016,1,single
VF-03-shahbazi-r01-017,1,single
VF-03-shahbazi-r02-001,38,split
VF-03-shahbazi-r02-002,9,split
VF-03-shahbazi-r02-003,20,split
VF-03-shahbazi-r02-004,21,split
VF-03-shahbazi-r02-005,11,split
VF-03-shahbazi-r02-006,3,split
VF-03-shahbazi-r02-007,3,split
VF-03-shahbazi-r02-008,10,split
VF-03-shahbazi-r02-009,8,split
VF-03-shahbazi-r02-010,3,split
VF-03-shahbazi-r02-011,8,split
VF-03-shahbazi-r02-012,9,split
VF-03-shahbazi-r02-013,16,split
VF-03-shahbazi-r02-014,25,split
VF-03-shahbazi-r02-015,20,split
VF-03-shahbazi-r02-016,3,split
VF-03-shahbazi-r02-017,5,split
VF-03-shahbazi-r02-018,5,split
VF-03-shahbazi-r02-019,6,split
VF-03-shahbazi-r02-020,1,single
VF-03-shahbazi-r02-021,1,single
VF-03-shahbazi-r02-022,1,single
VF-03-shahbazi-r03-001,4,split
VF-03-shahbazi-r03-002,8,split
VF-03-shahbazi-r03-003,6,split
VF-03-shahbazi-r03-004,5,split
VF-03-shahbazi-r03-005,4,split
VF-03-shahbazi-r03-006,7,split
VF-03-shahbazi-r03-007,9,split
VF-03-shahbazi-r03-008,9,split
VF-03-shahbazi-r03-009,2,split
VF-03-shahbazi-r03-010,1,single
VF-03-shahbazi-r03-011,9,split
VF-03-shahbazi-r03-012,3,split
VF-03-shahbazi-r03-013,11,split
VF-03-shahbazi-r03-014,11,split
VF-03-shahbazi-r03-015,3,split
VF-03-shahbazi-r03-016,1,single
VF-03-shahbazi-r03-017,1,single
VF-03-shahbazi-r03-018,1,single
VF-03-shahbazi-r03-019,4,split
VF-03-shahbazi-r03-020,1,single
VF-03-shahbazi-r03-021,5,split
VF-03-shahbazi-r03-022,5,split
VF-04-wang-r01-001,30,split
VF-04-wang-r01-002,12,split
VF-04-wang-r01-003,4,split
VF-04-wang-r01-004,8,split
VF-04-wang-r01-005,6,split
VF-04-wang-r01-006,11,split
VF-04-wang-r01-007,23,split
VF-04-wang-r01-008,25,split
VF-04-wang-r01-009,6,split
VF-04-wang-r01-010,3,split
VF-04-wang-r01-011,3,split
VF-04-wang-r02-001,1,single
VF-04-wang-r02-002,3,split
VF-04-wang-r02-003,1,single
VF-04-wang-r02-004,1,single
VF-04-wang-r02-005,1,single
VF-04-wang-r02-006,1,single
VF-04-wang-r02-007,4,split
VF-04-wang-r02-008,1,single
VF-04-wang-r02-009,1,single
VF-04-wang-r02-010,2,split
VF-04-wang-r02-011,1,single
VF-04-wang-r02-012,3,split
VF-04-wang-r02-013,3,split
VF-04-wang-r02-014,1,single
VF-04-wang-r02-015,1,single
VF-04-wang-r02-016,2,split
VF-04-wang-r02-017,1,single
VF-04-wang-r02-018,1,single
VF-04-wang-r02-019,2,split
VF-04-wang-r02-020,1,single
VF-04-wang-r02-021,3,split
VF-04-wang-r02-022,1,single
VF-04-wang-r02-023,1,single
VF-04-wang-r02-024,2,split
VF-04-wang-r02-025,2,split
VF-04-wang-r02-026,1,single
VF-04-wang-r02-027,1,single
VF-04-wang-r02-028,3,split
VF-04-wang-r02-029,2,split
VF-04-wang-r02-030,1,single
VF-04-wang-r02-031,2,split
VF-04-wang-r02-032,1,single
VF-04-wang-r02-033,1,single
VF-04-wang-r02-034,1,single
VF-04-wang-r02-035,1,single
VF-04-wang-r02-036,1,single
VF-04-wang-r02-037,1,single
VF-04-wang-r02-038,4,split
VF-04-wang-r02-039,22,split
VF-04-wang-r02-040,1,single
VF-04-wang-r02-041,1,single
VF-04-wang-r02-042,1,single
VF-04-wang-r02-043,3,split
VF-04-wang-r02-044,1,single
VF-04-wang-r02-045,1,single
VF-04-wang-r02-046,4,split
VF-04-wang-r02-047,1,single
VF-04-wang-r02-048,1,single
VF-04-wang-r02-049,1,single
VF-04-wang-r02-050,2,split
VF-04-wang-r02-051,1,single
VF-04-wang-r02-052,1,single
VF-04-wang-r02-053,4,split
VF-04-wang-r02-054,1,single
VF-04-wang-r02-055,1,single
VF-04-wang-r02-056,1,single
VF-04-wang-r02-057,1,single
VF-04-wang-r02-058,4,split
VF-04-wang-r02-059,3,split
VF-04-wang-r02-060,1,single
VF-04-wang-r02-061,31,split
VF-04-wang-r02-062,25,split
VF-04-wang-r02-063,1,single
VF-04-wang-r02-064,6,split
VF-04-wang-r02-065,1,single
VF-04-wang-r03-001,17,split
VF-04-wang-r03-002,19,split
VF-04-wang-r03-003,1,single
VF-04-wang-r03-004,4,split
VF-04-wang-r03-005,1,single
VF-04-wang-r03-006,3,split
VF-04-wang-r03-007,3,split
VF-04-wang-r03-008,3,split
VF-04-wang-r03-009,4,split
VF-04-wang-r03-010,4,split
VF-04-wang-r03-011,2,split
VF-04-wang-r03-012,5,split
VF-04-wang-r03-013,5,split
VF-04-wang-r03-014,8,split
VF-04-wang-r03-015,1,single
VF-04-wang-r03-016,3,split
VF-04-wang-r03-017,4,split
VF-04-wang-r03-018,5,split
VF-04-wang-r03-019,4,split
VF-05-silverstein-r01-001,16,split
VF-05-silverstein-r01-002,1,single
VF-05-silverstein-r01-003,1,single
VF-05-silverstein-r01-004,1,single
VF-05-silverstein-r01-005,1,single
VF-05-silverstein-r01-006,1,single
VF-05-silverstein-r01-007,1,single
VF-05-silverstein-r01-008,1,single
VF-05-silverstein-r01-009,1,single
VF-05-silverstein-r01-010,1,single
VF-05-silverstein-r01-011,5,split
VF-05-silverstein-r01-012,10,split
VF-05-silverstein-r01-013,8,split
VF-05-silverstein-r01-014,8,split
VF-05-silverstein-r01-015,3,split
VF-05-silverstein-r01-016,1,single
VF-05-silverstein-r01-017,1,single
VF-05-silverstein-r01-018,1,single
VF-05-silverstein-r01-019,1,single
VF-05-silverstein-r01-020,1,single
VF-05-silverstein-r01-021,4,split
VF-05-silverstein-r01-022,1,single
VF-05-silverstein-r01-023,1,single
VF-05-silverstein-r01-024,1,single
VF-05-silverstein-r02-001,1,single
VF-05-silverstein-r02-002,1,single
VF-05-silverstein-r02-003,1,single
VF-05-silverstein-r02-004,1,single
VF-05-silverstein-r02-005,4,split
VF-05-silverstein-r02-006,1,single
VF-05-silverstein-r02-007,1,single
VF-05-silverstein-r02-008,1,single
VF-05-silverstein-r02-009,1,single
VF-05-silverstein-r02-010,1,single
VF-05-silverstein-r02-011,3,split
VF-05-silverstein-r02-012,1,single
VF-05-silverstein-r02-013,1,single
VF-05-silverstein-r02-014,1,single
VF-05-silverstein-r02-015,1,single
VF-05-silverstein-r02-016,1,single
VF-05-silverstein-r02-017,1,single
VF-05-silverstein-r02-018,1,single
VF-05-silverstein-r02-019,1,single
VF-05-silverstein-r02-020,4,split
VF-05-silverstein-r02-021,5,split
VF-05-silverstein-r02-022,1,single
VF-05-silverstein-r02-023,4,split
VF-05-silverstein-r02-024,1,single
VF-05-silverstein-r02-025,1,single
VF-05-silverstein-r02-026,1,single
VF-05-silverstein-r02-027,1,single
VF-05-silverstein-r03-001,1,single
VF-05-silverstein-r03-002,1,single
VF-05-silverstein-r03-003,1,single
VF-05-silverstein-r03-004,1,single
VF-05-silverstein-r03-005,1,single
VF-05-silverstein-r03-006,1,single
VF-05-silverstein-r03-007,1,single
VF-05-silverstein-r03-008,1,single
VF-05-silverstein-r03-009,4,split
VF-05-silverstein-r03-010,1,single
VF-05-silverstein-r03-011,4,split
VF-05-silverstein-r03-012,4,split
VF-05-silverstein-r03-013,7,split
VF-05-silverstein-r03-014,4,split
VF-05-silverstein-r03-015,1,single
VF-05-silverstein-r03-016,1,single
VF-05-silverstein-r03-017,1,single
VF-05-silverstein-r03-018,1,single
VF-05-silverstein-r03-019,1,single
VF-05-silverstein-r03-020,8,split
VF-05-silverstein-r03-021,1,single
VF-06-chen-r01-001,22,split
VF-06-chen-r01-002,17,split
VF-06-chen-r01-003,2,split
VF-06-chen-r01-004,4,split
VF-06-chen-r01-005,7,split
VF-06-chen-r01-006,9,split
VF-06-chen-r01-007,10,split
VF-06-chen-r01-008,11,split
VF-06-chen-r01-009,10,split
VF-06-chen-r01-010,7,split
VF-06-chen-r01-011,3,split
VF-06-chen-r01-012,4,split
VF-06-chen-r02-001,21,split
VF-06-chen-r02-002,1,single
VF-06-chen-r02-003,4,split
VF-06-chen-r02-004,1,single
VF-06-chen-r02-005,1,single
VF-06-chen-r02-006,1,single
VF-06-chen-r02-007,1,single
VF-06-chen-r02-008,1,single
VF-06-chen-r02-009,1,single
VF-06-chen-r02-010,1,single
VF-06-chen-r02-011,2,split
VF-06-chen-r02-012,1,single
VF-06-chen-r02-013,27,split
VF-06-chen-r02-014,13,split
VF-06-chen-r02-015,22,split
VF-06-chen-r02-016,17,split
VF-06-chen-r03-001,31,split
VF-06-chen-r03-002,9,split
VF-06-chen-r03-003,6,split
VF-06-chen-r03-004,6,split
VF-06-chen-r03-005,11,split
VF-06-chen-r03-006,2,split
VF-06-chen-r03-007,15,split
VF-06-chen-r03-008,6,split
VF-06-chen-r03-009,18,split
VF-06-chen-r03-010,2,split
VF-06-chen-r03-011,25,split
VF-06-chen-r03-012,8,split
VF-06-chen-r03-013,9,split
VF-06-chen-r03-014,5,split
VF-06-chen-r03-015,5,split
VF-06-chen-r03-016,1,single
VF-06-chen-r03-017,4,split
VF-06-chen-r03-018,3,split
VF-06-chen-r03-019,1,single
VF-07-maxfield-r01-001,1,single
VF-07-maxfield-r01-002,12,split
VF-07-maxfield-r01-003,1,single
VF-07-maxfield-r01-004,3,split
VF-07-maxfield-r01-005,4,split
VF-07-maxfield-r01-006,10,split
VF-07-maxfield-r01-007,12,split
VF-07-maxfield-r01-008,1,single
VF-07-maxfield-r01-009,11,split
VF-07-maxfield-r02-001,17,split
VF-07-maxfield-r02-002,1,single
VF-07-maxfield-r02-003,1,single
VF-07-maxfield-r02-004,7,split
VF-07-maxfield-r02-005,2,split
VF-07-maxfield-r02-006,1,single
VF-07-maxfield-r02-007,6,split
VF-07-maxfield-r02-008,3,split
VF-07-maxfield-r02-009,1,single
VF-07-maxfield-r02-010,3,split
VF-07-maxfield-r02-011,5,split
VF-07-maxfield-r02-012,1,single
VF-07-maxfield-r02-013,4,split
VF-07-maxfield-r02-014,12,split
VF-07-maxfield-r02-015,1,single
VF-07-maxfield-r02-016,5,split
VF-07-maxfield-r02-017,1,single
VF-07-maxfield-r02-018,2,split
VF-07-maxfield-r02-019,5,split
VF-07-maxfield-r02-020,4,split
VF-07-maxfield-r02-021,1,single
VF-07-maxfield-r02-022,1,single
VF-07-maxfield-r02-023,5,split
VF-07-maxfield-r02-024,1,single
VF-07-maxfield-r02-025,1,single
VF-07-maxfield-r02-026,2,split
VF-07-maxfield-r02-027,3,split
VF-07-maxfield-r02-028,4,split
VF-07-maxfield-r02-029,1,single
VF-07-maxfield-r02-030,8,split
VF-07-maxfield-r02-031,3,split
VF-07-maxfield-r02-032,2,split
VF-07-maxfield-r02-033,3,split
VF-07-maxfield-r02-034,3,split
VF-07-maxfield-r02-035,4,split
VF-07-maxfield-r02-036,2,split
VF-07-maxfield-r02-037,5,split
VF-07-maxfield-r02-038,1,single
VF-07-maxfield-r02-039,3,split
VF-07-maxfield-r02-040,1,single
VF-07-maxfield-r02-041,3,split
VF-07-maxfield-r02-042,3,split
VF-07-maxfield-r02-043,1,single
VF-07-maxfield-r02-044,1,single
VF-07-maxfield-r02-045,1,single
VF-07-maxfield-r02-046,5,split
VF-07-maxfield-r02-047,1,single
VF-07-maxfield-r03-001,5,split
VF-07-maxfield-r03-002,5,split
VF-07-maxfield-r03-003,4,split
VF-07-maxfield-r03-004,12,split
VF-07-maxfield-r03-005,11,split
VF-07-maxfield-r03-006,23,split
VF-07-maxfield-r03-007,2,split
VF-07-maxfield-r03-008,7,split
VF-07-maxfield-r03-009,3,split
VF-07-maxfield-r03-010,10,split
VF-07-maxfield-r03-011,9,split
VF-08-liu-r01-001,1,single
VF-08-liu-r01-002,1,single
VF-08-liu-r01-003,6,split
VF-08-liu-r01-004,9,split
VF-08-liu-r01-005,4,split
VF-08-liu-r01-006,7,split
VF-08-liu-r01-007,14,split
VF-08-liu-r01-008,32,split
VF-08-liu-r01-009,45,split
VF-08-liu-r01-010,3,split
VF-08-liu-r01-011,1,single
VF-08-liu-r01-012,1,single
VF-08-liu-r01-013,1,single
VF-08-liu-r01-014,1,single
VF-08-liu-r01-015,4,split
VF-08-liu-r02-001,29,split
VF-08-liu-r02-002,1,single
VF-08-liu-r02-003,3,split
VF-08-liu-r02-004,10,split
VF-08-liu-r02-005,7,split
VF-08-liu-r02-006,6,split
VF-08-liu-r02-007,8,split
VF-08-liu-r02-008,1,single
VF-08-liu-r02-009,3,split
VF-08-liu-r02-010,9,split
VF-08-liu-r03-001,7,split
VF-08-liu-r03-002,21,split
VF-08-liu-r03-003,7,split
VF-08-liu-r03-004,17,split
VF-08-liu-r03-005,16,split
VF-08-liu-r03-006,4,split
VF-08-liu-r03-007,11,split
VF-08-liu-r03-008,10,split
VF-08-liu-r03-009,7,split
VF-08-liu-r03-010,26,split
VF-08-liu-r03-011,31,split
VF-08-liu-r03-012,3,split
VF-09-deboer-r01-001,6,split
VF-09-deboer-r01-002,5,split
VF-09-deboer-r01-003,5,split
VF-09-deboer-r01-004,6,split
VF-09-deboer-r01-005,6,split
VF-09-deboer-r01-006,12,split
VF-09-deboer-r01-007,12,split
VF-09-deboer-r01-008,14,split
VF-09-deboer-r01-009,6,split
VF-09-deboer-r01-010,8,split
VF-09-deboer-r01-011,10,split
VF-09-deboer-r01-012,8,split
VF-09-deboer-r01-013,14,split
VF-09-deboer-r02-001,7,split
VF-09-deboer-r02-002,24,split
VF-09-deboer-r02-003,4,split
VF-09-deboer-r02-004,10,split
VF-09-deboer-r02-005,15,split
VF-09-deboer-r02-006,16,split
VF-09-deboer-r02-007,3,split
VF-09-deboer-r02-008,23,split
VF-09-deboer-r02-009,3,split
VF-09-deboer-r02-010,3,split
VF-09-deboer-r02-011,3,split
VF-09-deboer-r02-012,7,split
VF-09-deboer-r03-001,1,single
VF-09-deboer-r03-002,4,split
VF-09-deboer-r03-003,11,split
VF-09-deboer-r03-004,4,split
VF-09-deboer-r03-005,23,split
VF-09-deboer-r03-006,7,split
VF-09-deboer-r03-007,14,split
VF-09-deboer-r03-008,3,split
VF-09-deboer-r03-009,3,split
VF-09-deboer-r03-010,4,split
VF-09-deboer-r03-011,14,split
VF-09-deboer-r03-012,14,split
VF-09-deboer-r03-013,20,split
VF-09-deboer-r03-014,14,split
VF-09-deboer-r03-015,7,split
VF-09-deboer-r03-016,14,split
VF-09-deboer-r03-017,4,split
VF-09-deboer-r03-018,4,split
VF-09-deboer-r03-019,4,split
VF-09-deboer-r03-020,1,single
VF-09-deboer-r03-021,3,split
VF-09-deboer-r03-022,3,split
VF-09-deboer-r03-023,6,split
VF-10-sorce-r01-001,8,split
VF-10-sorce-r01-002,7,split
VF-10-sorce-r01-003,8,split
VF-10-sorce-r01-004,1,single
VF-10-sorce-r01-005,6,split
VF-10-sorce-r01-006,3,split
VF-10-sorce-r01-007,11,split
VF-10-sorce-r01-008,9,split
VF-10-sorce-r01-009,10,split
VF-10-sorce-r01-010,10,split
VF-10-sorce-r02-001,19,split
VF-10-sorce-r02-002,6,split
VF-10-sorce-r02-003,19,split
VF-10-sorce-r02-004,4,split
VF-10-sorce-r02-005,3,split
VF-10-sorce-r02-006,5,split
VF-10-sorce-r02-007,5,split
VF-10-sorce-r02-008,5,split
VF-10-sorce-r02-009,6,split
VF-10-sorce-r02-010,3,split
VF-10-sorce-r02-011,12,split
VF-10-sorce-r02-012,4,split
VF-10-sorce-r02-013,5,split
VF-10-sorce-r02-014,4,split
VF-10-sorce-r02-015,4,split
VF-10-sorce-r02-016,12,split
VF-10-sorce-r02-017,4,split
VF-10-sorce-r02-018,6,split
VF-10-sorce-r02-019,4,split
VF-10-sorce-r02-020,10,split
VF-10-sorce-r02-021,3,split
VF-10-sorce-r02-022,6,split
VF-10-sorce-r02-023,6,split
VF-10-sorce-r02-024,9,split
VF-10-sorce-r02-025,3,split
VF-10-sorce-r02-026,12,split
VF-10-sorce-r02-027,5,split
VF-10-sorce-r02-028,4,split
VF-10-sorce-r02-029,3,split
VF-10-sorce-r02-030,2,split
VF-10-sorce-r02-031,4,split
VF-10-sorce-r03-001,6,split
VF-10-sorce-r03-002,7,split
VF-10-sorce-r03-003,25,split
VF-10-sorce-r03-004,1,single
VF-10-sorce-r03-005,9,split
VF-10-sorce-r03-006,11,split
VF-10-sorce-r03-007,3,split
VF-10-sorce-r03-008,15,split
VF-10-sorce-r03-009,4,split
VF-10-sorce-r03-010,33,split
VF-10-sorce-r03-011,7,split
VF-10-sorce-r03-012,54,split
VF-10-sorce-r03-013,8,split
VF-10-sorce-r03-014,1,single
VF-10-sorce-r03-015,1,single
VF-10-sorce-r03-016,8,split
VF-10-sorce-r03-017,6,split
VF-10-sorce-r03-018,1,single
VF-10-sorce-r03-019,6,split
VF-10-sorce-r03-020,3,split
VF-10-sorce-r03-021,1,single
VF-11-fadel-r01-001,1,single
VF-11-fadel-r01-002,1,single
VF-11-fadel-r01-003,1,single
VF-11-fadel-r01-004,7,split
VF-11-fadel-r01-005,1,single
VF-11-fadel-r01-006,1,single
VF-11-fadel-r01-007,10,split
VF-11-fadel-r01-008,1,single
VF-11-fadel-r01-009,1,single
VF-11-fadel-r01-010,1,single
VF-11-fadel-r01-011,1,single
VF-11-fadel-r01-012,3,split
VF-11-fadel-r01-013,1,single
VF-11-fadel-r01-014,1,single
VF-11-fadel-r01-015,1,single
VF-11-fadel-r01-016,1,single
VF-11-fadel-r01-017,1,single
VF-11-fadel-r01-018,1,single
VF-11-fadel-r01-019,13,split
VF-11-fadel-r01-020,9,split
VF-11-fadel-r02-001,7,split
VF-11-fadel-r02-002,6,split
VF-11-fadel-r02-003,11,split
VF-11-fadel-r02-004,6,split
VF-11-fadel-r02-005,8,split
VF-11-fadel-r02-006,6,split
VF-11-fadel-r02-007,1,single
VF-11-fadel-r02-008,1,single
VF-11-fadel-r02-009,8,split
VF-11-fadel-r02-010,14,split
VF-11-fadel-r02-011,1,single
VF-11-fadel-r02-012,20,split
VF-11-fadel-r02-013,12,split
VF-11-fadel-r02-014,1,single
VF-11-fadel-r02-015,9,split
VF-11-fadel-r02-016,1,single
VF-11-fadel-r02-017,7,split
VF-11-fadel-r02-018,7,split
VF-11-fadel-r02-019,1,single
VF-11-fadel-r02-020,3,split
VF-11-fadel-r02-021,1,single
VF-11-fadel-r02-022,5,split
VF-11-fadel-r02-023,7,split
VF-11-fadel-r02-024,7,split
VF-11-fadel-r02-025,7,split
VF-11-fadel-r02-026,1,single
VF-11-fadel-r02-027,1,single
VF-11-fadel-r02-028,1,single
VF-11-fadel-r02-029,3,split
VF-11-fadel-r02-030,3,split
VF-11-fadel-r02-031,7,split
VF-11-fadel-r02-032,2,split
VF-11-fadel-r02-033,1,single
VF-11-fadel-r02-034,3,split
VF-11-fadel-r02-035,6,split
VF-11-fadel-r02-036,4,split
VF-11-fadel-r02-037,4,split
VF-11-fadel-r03-001,26,split
VF-11-fadel-r03-002,8,split
VF-11-fadel-r03-003,3,split
VF-11-fadel-r03-004,10,split
VF-11-fadel-r03-005,12,split
VF-11-fadel-r03-006,6,split
VF-11-fadel-r03-007,8,split
VF-11-fadel-r03-008,7,split
VF-11-fadel-r03-009,8,split
VF-11-fadel-r03-010,7,split
VF-11-fadel-r03-011,5,split
VF-11-fadel-r03-012,7,split
VF-11-fadel-r03-013,8,split
VF-11-fadel-r03-014,6,split
VF-11-fadel-r03-015,6,split
VF-12-rangamani-r01-001,10,split
VF-12-rangamani-r01-002,14,split
VF-12-rangamani-r01-003,2,split
VF-12-rangamani-r01-004,1,single
VF-12-rangamani-r01-005,1,single
VF-12-rangamani-r01-006,1,single
VF-12-rangamani-r01-007,3,split
VF-12-rangamani-r01-008,1,single
VF-12-rangamani-r01-009,1,single
VF-12-rangamani-r01-010,1,single
VF-12-rangamani-r01-011,1,single
VF-12-rangamani-r01-012,1,single
VF-12-rangamani-r01-013,1,single
VF-12-rangamani-r01-014,1,single
VF-12-rangamani-r01-015,3,split
VF-12-rangamani-r01-016,1,single
VF-12-rangamani-r01-017,5,split
VF-12-rangamani-r01-018,1,single
VF-12-rangamani-r01-019,2,split
VF-12-rangamani-r01-020,9,split
VF-12-rangamani-r01-021,1,single
VF-12-rangamani-r02-001,24,split
VF-12-rangamani-r02-002,4,split
VF-12-rangamani-r02-003,9,split
VF-12-rangamani-r02-004,1,single
VF-12-rangamani-r02-005,7,split
VF-12-rangamani-r02-006,8,split
VF-12-rangamani-r02-007,25,split
VF-12-rangamani-r02-008,2,split
VF-12-rangamani-r02-009,3,split
VF-12-rangamani-r02-010,3,split
VF-12-rangamani-r02-011,2,split
VF-12-rangamani-r02-012,3,split
VF-12-rangamani-r02-013,7,split
VF-12-rangamani-r02-014,3,split
VF-12-rangamani-r02-015,10,split
VF-12-rangamani-r02-016,8,split
VF-12-rangamani-r02-017,17,split
VF-12-rangamani-r02-018,9,split
VF-12-rangamani-r02-019,17,split
VF-12-rangamani-r02-020,3,split
VF-12-rangamani-r02-021,2,split
VF-12-rangamani-r02-022,4,split
VF-12-rangamani-r02-023,4,split
VF-12-rangamani-r03-001,4,split
VF-12-rangamani-r03-002,11,split
VF-12-rangamani-r03-003,8,split
VF-12-rangamani-r03-004,12,split
VF-12-rangamani-r03-005,9,split
VF-12-rangamani-r03-006,4,split
VF-12-rangamani-r03-007,9,split
VF-12-rangamani-r03-008,11,split
VF-12-rangamani-r03-009,5,split
VF-12-rangamani-r03-010,5,split
VF-13-usatyuk-r01-001,1,single
VF-13-usatyuk-r01-002,10,split
VF-13-usatyuk-r01-003,10,split
VF-13-usatyuk-r01-004,1,single
VF-13-usatyuk-r01-005,1,single
VF-13-usatyuk-r01-006,1,single
VF-13-usatyuk-r01-007,1,single
VF-13-usatyuk-r01-008,1,single
VF-13-usatyuk-r01-009,1,single
VF-13-usatyuk-r01-010,1,single
VF-13-usatyuk-r01-011,1,single
VF-13-usatyuk-r01-012,1,single
VF-13-usatyuk-r01-013,1,single
VF-13-usatyuk-r01-014,1,single
VF-13-usatyuk-r01-015,1,single
VF-13-usatyuk-r01-016,1,single
VF-13-usatyuk-r01-017,1,single
VF-13-usatyuk-r01-018,1,single
VF-13-usatyuk-r01-019,1,single
VF-13-usatyuk-r01-020,1,single
VF-13-usatyuk-r01-021,1,single
VF-13-usatyuk-r02-001,22,split
VF-13-usatyuk-r02-002,1,single
VF-13-usatyuk-r02-003,22,split
VF-13-usatyuk-r02-004,12,split
VF-13-usatyuk-r02-005,1,single
VF-13-usatyuk-r02-006,7,split
VF-13-usatyuk-r02-007,4,split
VF-13-usatyuk-r02-008,11,split
VF-13-usatyuk-r02-009,11,split
VF-13-usatyuk-r02-010,12,split
VF-13-usatyuk-r02-011,11,split
VF-13-usatyuk-r03-001,8,split
VF-13-usatyuk-r03-002,7,split
VF-13-usatyuk-r03-003,5,split
VF-13-usatyuk-r03-004,3,split
VF-13-usatyuk-r03-005,5,split
VF-13-usatyuk-r03-006,1,single
VF-13-usatyuk-r03-007,7,split
VF-13-usatyuk-r03-008,4,split
VF-13-usatyuk-r03-009,3,split
VF-13-usatyuk-r03-010,3,split
VF-13-usatyuk-r03-011,1,single
VF-13-usatyuk-r03-012,1,single
VF-13-usatyuk-r03-013,9,split
VF-13-usatyuk-r03-014,3,split
VF-13-usatyuk-r03-015,30,split
VF-13-usatyuk-r03-016,7,split
VF-13-usatyuk-r03-017,4,split
VF-13-usatyuk-r03-018,6,split
VF-13-usatyuk-r03-019,23,split
VF-13-usatyuk-r03-020,3,split
VF-13-usatyuk-r03-021,1,single
VF-13-usatyuk-r03-022,18,split
VF-13-usatyuk-r03-023,4,split
VF-13-usatyuk-r03-024,21,split
VF-13-usatyuk-r03-025,16,split
VF-13-usatyuk-r03-026,2,split
VF-14-bao-r01-001,6,split
VF-14-bao-r01-002,7,split
VF-14-bao-r01-003,4,split
VF-14-bao-r01-004,5,split
VF-14-bao-r01-005,5,split
VF-14-bao-r01-006,6,split
VF-14-bao-r01-007,4,split
VF-14-bao-r01-008,4,split
VF-14-bao-r01-009,5,split
VF-14-bao-r01-010,3,split
VF-14-bao-r01-011,3,split
VF-14-bao-r01-012,4,split
VF-14-bao-r01-013,3,split
VF-14-bao-r01-014,6,split
VF-14-bao-r01-015,3,split
VF-14-bao-r01-016,4,split
VF-14-bao-r01-017,3,split
VF-14-bao-r01-018,6,split
VF-14-bao-r01-019,1,single
VF-14-bao-r02-001,28,split
VF-14-bao-r02-002,17,split
VF-14-bao-r02-003,27,split
VF-14-bao-r02-004,5,split
VF-14-bao-r02-005,9,split
VF-14-bao-r02-006,12,split
VF-14-bao-r02-007,9,split
VF-14-bao-r02-008,5,split
VF-14-bao-r02-009,5,split
VF-14-bao-r03-001,4,split
VF-14-bao-r03-002,10,split
VF-14-bao-r03-003,3,split
VF-14-bao-r03-004,3,split
VF-14-bao-r03-005,3,split
VF-14-bao-r03-006,6,split
VF-14-bao-r03-007,10,split
VF-14-bao-r03-008,10,split
VF-14-bao-r03-009,20,split
VF-14-bao-r03-010,3,split
VF-14-bao-r03-011,15,split
VF-14-bao-r03-012,1,single
VF-15-rath-r01-001,1,single
VF-15-rath-r01-002,4,split
VF-15-rath-r01-003,5,split
VF-15-rath-r01-004,6,split
VF-15-rath-r01-005,14,split
VF-15-rath-r01-006,8,split
VF-15-rath-r01-007,38,split
VF-15-rath-r01-008,5,split
VF-15-rath-r01-009,1,single
VF-15-rath-r02-001,1,single
VF-15-rath-r02-002,9,split
VF-15-rath-r02-003,1,single
VF-15-rath-r02-004,1,single
VF-15-rath-r02-005,5,split
VF-15-rath-r02-006,1,single
VF-15-rath-r02-007,1,single
VF-15-rath-r02-008,1,single
VF-15-rath-r02-009,1,single
VF-15-rath-r02-010,1,single
VF-15-rath-r02-011,1,single
VF-15-rath-r03-001,3,split
VF-15-rath-r03-002,5,split
VF-15-rath-r03-003,29,split
VF-15-rath-r03-004,1,single
VF-15-rath-r03-005,1,single
VF-15-rath-r03-006,1,single
VF-15-rath-r03-007,1,single
VF-15-rath-r03-008,1,single
VF-15-rath-r03-009,1,single
VF-15-rath-r03-010,3,split
VF-15-rath-r03-011,1,single
VF-15-rath-r03-012,1,single
VF-15-rath-r03-013,1,single
VF-16-collier-r01-001,6,split
VF-16-collier-r01-002,1,single
VF-16-collier-r01-003,1,single
VF-16-collier-r01-004,5,split
VF-16-collier-r01-005,3,split
VF-16-collier-r01-006,7,split
VF-16-collier-r01-007,4,split
VF-16-collier-r01-008,6,split
VF-16-collier-r01-009,3,split
VF-16-collier-r01-010,2,split
VF-16-collier-r01-011,1,single
VF-16-collier-r01-012,1,single
VF-16-collier-r01-013,1,single
VF-16-collier-r01-014,5,split
VF-16-collier-r01-015,1,single
VF-16-collier-r01-016,1,single
VF-16-collier-r01-017,1,single
VF-16-collier-r01-018,1,single
VF-16-collier-r01-019,1,single
VF-16-collier-r01-020,1,single
VF-16-collier-r01-021,27,split
VF-16-collier-r01-022,4,split
VF-16-collier-r01-023,2,split
VF-16-collier-r01-024,4,split
VF-16-collier-r01-025,4,split
VF-16-collier-r01-026,4,split
VF-16-collier-r01-027,3,split
VF-16-collier-r01-028,3,split
VF-16-collier-r01-029,23,split
VF-16-collier-r01-030,6,split
VF-16-collier-r01-031,1,single
VF-16-collier-r01-032,5,split
VF-16-collier-r01-033,2,split
VF-16-collier-r01-034,1,single
VF-16-collier-r01-035,5,split
VF-16-collier-r01-036,3,split
VF-16-collier-r02-001,11,split
VF-16-collier-r02-002,28,split
VF-16-collier-r02-003,35,split
VF-16-collier-r02-004,8,split
VF-16-collier-r02-005,41,split
VF-16-collier-r02-006,38,split
VF-16-collier-r02-007,6,split
VF-16-collier-r02-008,11,split
VF-16-collier-r02-009,7,split
VF-16-collier-r02-010,4,split
VF-16-collier-r02-011,19,split
VF-16-collier-r02-012,24,split
VF-16-collier-r02-013,31,split
VF-16-collier-r02-014,9,split
VF-16-collier-r02-015,11,split
VF-16-collier-r02-016,8,split
VF-16-collier-r03-001,11,split
VF-16-collier-r03-002,13,split
VF-16-collier-r03-003,1,single
VF-16-collier-r03-004,1,single
VF-16-collier-r03-005,4,split
VF-16-collier-r03-006,5,split
VF-16-collier-r03-007,3,split
VF-16-collier-r03-008,1,single
VF-16-collier-r03-009,1,single
VF-16-collier-r03-010,1,single
VF-16-collier-r03-011,1,single
VF-16-collier-r03-012,1,single
VF-16-collier-r03-013,1,single
VF-16-collier-r03-014,1,single
VF-16-collier-r03-015,3,split
VF-16-collier-r03-016,1,single
VF-16-collier-r03-017,3,split
VF-16-collier-r03-018,1,single
VF-16-collier-r03-019,1,single
VF-16-collier-r03-020,1,single
VF-16-collier-r03-021,1,single
VF-16-collier-r03-022,1,single
VF-16-collier-r03-023,1,single
VF-16-collier-r03-024,3,split
VF-16-collier-r03-025,1,single
VF-16-collier-r03-026,1,single
VF-16-collier-r03-027,1,single
VF-16-collier-r03-028,1,single
VF-16-collier-r03-029,1,single
VF-16-collier-r03-030,1,single
VF-16-collier-r03-031,3,split
VF-16-collier-r03-032,3,split
VF-16-collier-r03-033,1,single
VF-16-collier-r03-034,1,single
VF-16-collier-r03-035,1,single
VF-16-collier-r03-036,1,single
VF-16-collier-r03-037,1,single
VF-16-collier-r03-038,1,single
VF-16-collier-r03-039,6,split
VF-16-collier-r03-040,1,single
VF-17-antonini-r01-001,22,split
VF-17-antonini-r01-002,7,split
VF-17-antonini-r01-003,8,split
VF-17-antonini-r01-004,9,split
VF-17-antonini-r01-005,8,split
VF-17-antonini-r01-006,5,split
VF-17-antonini-r01-007,1,single
VF-17-antonini-r01-008,3,split
VF-17-antonini-r01-009,4,split
VF-17-antonini-r01-010,4,split
VF-17-antonini-r01-011,5,split
VF-17-antonini-r01-012,8,split
VF-17-antonini-r01-013,5,split
VF-17-antonini-r01-014,10,split
VF-17-antonini-r01-015,5,split
VF-17-antonini-r01-016,4,split
VF-17-antonini-r01-017,9,split
VF-17-antonini-r01-018,5,split
VF-17-antonini-r01-019,5,split
VF-17-antonini-r01-020,10,split
VF-17-antonini-r01-021,4,split
VF-17-antonini-r01-022,6,split
VF-17-antonini-r01-023,8,split
VF-17-antonini-r01-024,5,split
VF-17-antonini-r01-025,1,single
VF-17-antonini-r01-026,8,split
VF-17-antonini-r01-027,6,split
VF-17-antonini-r01-028,5,split
VF-17-antonini-r01-029,8,split
VF-17-antonini-r01-030,6,split
VF-17-antonini-r01-031,5,split
VF-17-antonini-r01-032,3,split
VF-17-antonini-r01-033,3,split
VF-17-antonini-r01-034,7,split
VF-17-antonini-r01-035,4,split
VF-17-antonini-r01-036,6,split
VF-17-antonini-r01-037,1,single
VF-17-antonini-r01-038,1,single
VF-17-antonini-r01-039,1,single
VF-17-antonini-r01-040,1,single
VF-17-antonini-r01-041,1,single
VF-17-antonini-r02-001,14,split
VF-17-antonini-r02-002,9,split
VF-17-antonini-r02-003,5,split
VF-17-antonini-r02-004,5,split
VF-17-antonini-r02-005,3,split
VF-17-antonini-r02-006,49,split
VF-17-antonini-r02-007,5,split
VF-17-antonini-r02-008,3,split
VF-17-antonini-r02-009,7,split
VF-17-antonini-r02-010,7,split
VF-17-antonini-r03-001,1,single
VF-17-antonini-r03-002,1,single
VF-17-antonini-r03-003,1,single
VF-17-antonini-r03-004,1,single
VF-17-antonini-r03-005,1,single
VF-17-antonini-r03-006,1,single
VF-17-antonini-r03-007,1,single
VF-17-antonini-r03-008,1,single
VF-17-antonini-r03-009,1,single
VF-17-antonini-r03-010,1,single
VF-17-antonini-r03-011,1,single
VF-17-antonini-r03-012,1,single
VF-17-antonini-r03-013,1,single
VF-17-antonini-r03-014,1,single
VF-17-antonini-r03-015,1,single
VF-17-antonini-r03-016,1,single
VF-17-antonini-r03-017,36,split
VF-17-antonini-r03-018,1,single
VF-17-antonini-r03-019,1,single
VF-17-antonini-r03-020,1,single
VF-17-antonini-r03-021,1,single
VF-17-antonini-r03-022,1,single
VF-17-antonini-r03-023,1,single
VF-17-antonini-r03-024,22,split
VF-17-antonini-r03-025,1,single
VF-17-antonini-r03-026,1,single
VF-17-antonini-r03-027,22,split
VF-17-antonini-r03-028,1,single
VF-17-antonini-r03-029,1,single
VF-17-antonini-r03-030,1,single
VF-17-antonini-r03-031,4,split
VF-17-antonini-r03-032,1,single
VF-18-he-r01-001,11,split
VF-18-he-r01-002,27,split
VF-18-he-r01-003,17,split
VF-18-he-r01-004,20,split
VF-18-he-r01-005,5,split
VF-18-he-r01-006,15,split
VF-18-he-r01-007,4,split
VF-18-he-r01-008,16,split
VF-18-he-r01-009,30,split
VF-18-he-r01-010,31,split
VF-18-he-r01-011,18,split
VF-18-he-r01-012,1,single
VF-18-he-r01-013,1,single
VF-18-he-r01-014,3,split
VF-18-he-r02-001,7,split
VF-18-he-r02-002,8,split
VF-18-he-r02-003,7,split
VF-18-he-r02-004,22,split
VF-18-he-r02-005,1,single
VF-18-he-r02-006,15,split
VF-18-he-r02-007,14,split
VF-18-he-r02-008,8,split
VF-18-he-r02-009,1,single
VF-18-he-r02-010,1,single
VF-18-he-r02-011,1,single
VF-18-he-r02-012,1,single
VF-18-he-r02-013,4,split
VF-18-he-r02-014,1,single
VF-18-he-r02-015,1,single
VF-18-he-r02-016,1,single
VF-18-he-r02-017,1,single
VF-18-he-r02-018,1,single
VF-18-he-r02-019,1,single
VF-18-he-r02-020,1,single
VF-18-he-r02-021,1,single
VF-18-he-r02-022,1,single
VF-18-he-r02-023,1,single
VF-18-he-r02-024,1,single
VF-18-he-r02-025,1,single
VF-18-he-r02-026,1,single
VF-18-he-r02-027,1,single
VF-18-he-r02-028,1,single
VF-18-he-r02-029,1,single
VF-18-he-r02-030,1,single
VF-18-he-r02-031,12,split
VF-18-he-r03-001,3,split
VF-18-he-r03-002,1,single
VF-18-he-r03-003,1,single
VF-18-he-r03-004,3,split
VF-18-he-r03-005,1,single
VF-18-he-r03-006,1,single
VF-18-he-r03-007,1,single
VF-18-he-r03-008,1,single
VF-18-he-r03-009,1,single
VF-18-he-r03-010,1,single
VF-18-he-r03-011,1,single
VF-18-he-r03-012,1,single
VF-18-he-r03-013,1,single
VF-18-he-r03-014,1,single
VF-18-he-r03-015,1,single
VF-18-he-r03-016,1,single
VF-18-he-r03-017,1,single
VF-18-he-r03-018,5,split
VF-18-he-r03-019,5,split
VF-18-he-r03-020,2,split
VF-18-he-r03-021,5,split
VF-18-he-r03-022,23,split
VF-18-he-r03-023,1,single
VF-18-he-r03-024,1,single
VF-18-he-r03-025,1,single
VF-18-he-r03-026,23,split
VF-18-he-r03-027,1,single
VF-18-he-r03-028,1,single
VF-18-he-r03-029,1,single
VF-18-he-r03-030,1,single
VF-18-he-r03-031,29,split
VF-18-he-r03-032,1,single
VF-18-he-r03-033,1,single
VF-18-he-r03-034,1,single
VF-18-he-r03-035,1,single
VF-18-he-r03-036,1,single
VF-18-he-r03-037,1,single
VF-18-he-r03-038,1,single
VF-18-he-r03-039,1,single
VF-18-he-r03-040,1,single
VF-19-hartman-r01-001,15,split
VF-19-hartman-r01-002,4,split
VF-19-hartman-r01-003,7,split
VF-19-hartman-r01-004,3,split
VF-19-hartman-r01-005,4,split
VF-19-hartman-r01-006,7,split
VF-19-hartman-r01-007,10,split
VF-19-hartman-r01-008,7,split
VF-19-hartman-r01-009,8,split
VF-19-hartman-r01-010,5,split
VF-19-hartman-r01-011,8,split
VF-19-hartman-r01-012,4,split
VF-19-hartman-r01-013,7,split
VF-19-hartman-r01-014,5,split
VF-19-hartman-r01-015,5,split
VF-19-hartman-r01-016,1,single
VF-19-hartman-r01-017,6,split
VF-19-hartman-r01-018,8,split
VF-19-hartman-r01-019,8,split
VF-19-hartman-r02-001,1,single
VF-19-hartman-r02-002,8,split
VF-19-hartman-r02-003,1,single
VF-19-hartman-r02-004,1,single
VF-19-hartman-r02-005,1,single
VF-19-hartman-r02-006,1,single
VF-19-hartman-r02-007,1,single
VF-19-hartman-r02-008,1,single
VF-19-hartman-r02-009,1,single
VF-19-hartman-r02-010,1,single
VF-19-hartman-r02-011,1,single
VF-19-hartman-r02-012,6,split
VF-19-hartman-r02-013,1,single
VF-19-hartman-r02-014,1,single
VF-19-hartman-r02-015,1,single
VF-19-hartman-r03-001,27,split
VF-19-hartman-r03-002,3,split
VF-19-hartman-r03-003,13,split
VF-19-hartman-r03-004,15,split
VF-19-hartman-r03-005,5,split
VF-19-hartman-r03-006,10,split
VF-19-hartman-r03-007,12,split
VF-19-hartman-r03-008,3,split
VF-19-hartman-r03-009,11,split
VF-19-hartman-r03-010,3,split
VF-20-hubeny-r01-001,6,split
VF-20-hubeny-r01-002,10,split
VF-20-hubeny-r01-003,1,single
VF-20-hubeny-r01-004,10,split
VF-20-hubeny-r01-005,40,split
VF-20-hubeny-r01-006,1,single
VF-20-hubeny-r01-007,1,single
VF-20-hubeny-r01-008,1,single
VF-20-hubeny-r01-009,1,single
VF-20-hubeny-r01-010,1,single
VF-20-hubeny-r01-011,1,single
VF-20-hubeny-r01-012,1,single
VF-20-hubeny-r01-013,1,single
VF-20-hubeny-r01-014,1,single
VF-20-hubeny-r01-015,1,single
VF-20-hubeny-r01-016,1,single
VF-20-hubeny-r01-017,1,single
VF-20-hubeny-r01-018,1,single
VF-20-hubeny-r01-019,1,single
VF-20-hubeny-r01-020,1,single
VF-20-hubeny-r01-021,1,single
VF-20-hubeny-r01-022,1,single
VF-20-hubeny-r01-023,1,single
VF-20-hubeny-r01-024,1,single
VF-20-hubeny-r01-025,1,single
VF-20-hubeny-r01-026,1,single
VF-20-hubeny-r01-027,1,single
VF-20-hubeny-r01-028,5,split
VF-20-hubeny-r02-001,3,split
VF-20-hubeny-r02-002,5,split
VF-20-hubeny-r02-003,25,split
VF-20-hubeny-r02-004,5,split
VF-20-hubeny-r02-005,2,split
VF-20-hubeny-r02-006,1,single
VF-20-hubeny-r02-007,1,single
VF-20-hubeny-r02-008,1,single
VF-20-hubeny-r02-009,1,single
VF-20-hubeny-r02-010,4,split
VF-20-hubeny-r02-011,1,single
VF-20-hubeny-r02-012,1,single
VF-20-hubeny-r02-013,1,single
VF-20-hubeny-r02-014,1,single
VF-20-hubeny-r02-015,1,single
VF-20-hubeny-r02-016,1,single
VF-20-hubeny-r02-017,1,single
VF-20-hubeny-r02-018,1,single
VF-20-hubeny-r02-019,1,single
VF-20-hubeny-r02-020,1,single
VF-20-hubeny-r02-021,1,single
VF-20-hubeny-r02-022,1,single
VF-20-hubeny-r02-023,1,single
VF-20-hubeny-r02-024,1,single
VF-20-hubeny-r02-025,1,single
VF-20-hubeny-r02-026,1,single
VF-20-hubeny-r02-027,5,split
VF-20-hubeny-r03-001,21,split
VF-20-hubeny-r03-002,8,split
VF-20-hubeny-r03-003,5,split
VF-20-hubeny-r03-004,6,split
VF-20-hubeny-r03-005,1,single
VF-20-hubeny-r03-006,1,single
VF-20-hubeny-r03-007,3,split
VF-20-hubeny-r03-008,7,split
VF-20-hubeny-r03-009,6,split
VF-20-hubeny-r03-010,16,split
VF-20-hubeny-r03-011,3,split
VF-20-hubeny-r03-012,8,split
VF-20-hubeny-r03-013,12,split
VF-20-hubeny-r03-014,7,split
VF-20-hubeny-r03-015,9,split
VF-20-hubeny-r03-016,3,split
VF-20-hubeny-r03-017,12,split
VF-20-hubeny-r03-018,11,split
VF-20-hubeny-r03-019,8,split
VF-20-hubeny-r03-020,13,split
VF-20-hubeny-r03-021,18,split
VF-20-hubeny-r03-022,10,split
VF-21-weng-r01-001,7,split
VF-21-weng-r01-002,6,split
VF-21-weng-r01-003,14,split
VF-21-weng-r01-004,14,split
VF-21-weng-r01-005,3,split
VF-21-weng-r01-006,4,split
VF-21-weng-r01-007,4,split
VF-21-weng-r01-008,8,split
VF-21-weng-r01-009,6,split
VF-21-weng-r01-010,9,split
VF-21-weng-r01-011,1,single
VF-21-weng-r01-012,3,split
VF-21-weng-r02-001,3,split
VF-21-weng-r02-002,3,split
VF-21-weng-r02-003,1,single
VF-21-weng-r02-004,1,single
VF-21-weng-r02-005,1,single
VF-21-weng-r02-006,1,single
VF-21-weng-r02-007,1,single
VF-21-weng-r02-008,1,single
VF-21-weng-r02-009,1,single
VF-21-weng-r02-010,1,single
VF-21-weng-r02-011,1,single
VF-21-weng-r02-012,1,single
VF-21-weng-r02-013,1,single
VF-21-weng-r02-014,1,single
VF-21-weng-r02-015,1,single
VF-21-weng-r02-016,1,single
VF-21-weng-r02-017,8,split
VF-21-weng-r02-018,18,split
VF-21-weng-r02-019,6,split
VF-21-weng-r02-020,4,split
VF-21-weng-r02-021,8,split
VF-21-weng-r02-022,7,split
VF-21-weng-r02-023,3,split
VF-21-weng-r02-024,4,split
VF-21-weng-r02-025,1,single
VF-21-weng-r02-026,1,single
VF-21-weng-r02-027,1,single
VF-21-weng-r02-028,1,single
VF-21-weng-r02-029,1,single
VF-21-weng-r02-030,1,single
VF-21-weng-r02-031,1,single
VF-21-weng-r02-032,4,split
VF-21-weng-r02-033,1,single
VF-21-weng-r02-034,1,single
VF-21-weng-r02-035,1,single
VF-21-weng-r02-036,1,single
VF-21-weng-r02-037,7,split
VF-21-weng-r02-038,8,split
VF-21-weng-r02-039,3,split
VF-21-weng-r02-040,3,split
VF-21-weng-r02-041,6,split
VF-21-weng-r02-042,3,split
VF-21-weng-r02-043,9,split
VF-21-weng-r02-044,3,split
VF-21-weng-r02-045,1,single
VF-21-weng-r02-046,1,single
VF-21-weng-r03-001,6,split
VF-21-weng-r03-002,1,single
VF-21-weng-r03-003,1,single
VF-21-weng-r03-004,4,split
VF-21-weng-r03-005,5,split
VF-21-weng-r03-006,1,single
VF-21-weng-r03-007,4,split
VF-21-weng-r03-008,4,split
VF-21-weng-r03-009,7,split
VF-21-weng-r03-010,4,split
VF-21-weng-r03-011,6,split
VF-21-weng-r03-012,5,split
VF-21-weng-r03-013,5,split
VF-21-weng-r03-014,3,split
VF-21-weng-r03-015,7,split
VF-21-weng-r03-016,3,split
VF-21-weng-r03-017,4,split
VF-21-weng-r03-018,9,split
VF-21-weng-r03-019,1,single
VF-21-weng-r03-020,1,single
VF-21-weng-r03-021,13,split
VF-21-weng-r03-022,3,split
VF-21-weng-r03-023,5,split
VF-21-weng-r03-024,1,single
VF-21-weng-r03-025,4,split
VF-21-weng-r03-026,4,split
VF-21-weng-r03-027,16,split
VF-21-weng-r03-028,11,split
VF-21-weng-r03-029,1,single
VF-21-weng-r03-030,5,split
VF-21-weng-r03-031,1,single
VF-21-weng-r03-032,1,single
VF-21-weng-r03-033,5,split
VF-21-weng-r03-034,1,single
VF-21-weng-r03-035,1,single
VF-21-weng-r03-036,2,split
VF-22-yang-r01-001,4,split
VF-22-yang-r01-002,5,split
VF-22-yang-r01-003,10,split
VF-22-yang-r01-004,7,split
VF-22-yang-r01-005,11,split
VF-22-yang-r01-006,10,split
VF-22-yang-r01-007,9,split
VF-22-yang-r01-008,8,split
VF-22-yang-r01-009,1,single
VF-22-yang-r01-010,3,split
VF-22-yang-r01-011,1,single
VF-22-yang-r02-001,1,single
VF-22-yang-r02-002,1,single
VF-22-yang-r02-003,19,split
VF-22-yang-r02-004,1,single
VF-22-yang-r02-005,16,split
VF-22-yang-r02-006,1,single
VF-22-yang-r02-007,1,single
VF-22-yang-r02-008,4,split
VF-22-yang-r02-009,1,single
VF-22-yang-r02-010,1,single
VF-22-yang-r02-011,1,single
VF-22-yang-r02-012,1,single
VF-22-yang-r02-013,1,single
VF-22-yang-r02-014,9,split
VF-22-yang-r02-015,9,split
VF-22-yang-r03-001,1,single
VF-22-yang-r03-002,9,split
VF-22-yang-r03-003,5,split
VF-22-yang-r03-004,14,split
VF-22-yang-r03-005,13,split
VF-22-yang-r03-006,17,split
VF-22-yang-r03-007,5,split
VF-22-yang-r03-008,1,single
VF-22-yang-r03-009,5,split
VF-22-yang-r03-010,4,split
VF-22-yang-r03-011,1,single
VF-22-yang-r03-012,1,single
VF-22-yang-r03-013,1,single
VF-22-yang-r03-014,1,single
VF-22-yang-r03-015,1,single
VF-22-yang-r03-016,1,single
VF-22-yang-r03-017,1,single
VF-22-yang-r03-018,12,split
VF-22-yang-r03-019,3,split
